1_61,2_61,3_61,4_61,5_61,6_61,7_61,8_61,9_61,10_61,11_61,12_61,13_61,14_61,15_61
-2.1823638401943186,-2.184857084747226,-2.1874003246369003,-2.1898573439890323,-2.1922456575148104,-2.1947449278506954,-2.1971773358299793,-2.199572213491233,-2.201956414949397,-2.2044945078481883,-2.2070020691553967,-2.2094875129526694,-2.2118725548192764,-2.21420128322844,-2.2172630587115587
-1.8525366533587029,-2.1847554111646734,-2.1870692076238876,-2.18965982811431,-2.192226150861185,-2.1945136850847966,-2.196828644654778,-2.199406467439776,-2.201952252683763,-2.204316957018379,-2.206656211086783,-2.209010383340377,-2.2115830415238564,-2.214098247061137,-2.2162467911006036
-1.852349440537861,-1.8519375500004862,-2.1869815794007517,-2.1893001545145974,-2.191490355188149,-2.1941982269243425,-2.196741699044367,-2.1989387953345663,-2.2011212264743487,-2.2037667195863477,-2.2064063023540244,-2.208923494323028,-2.21111050619667,-2.21320225230485,-2.215285167136871
-1.8478399169982103,-1.8519201949437432,-1.8498365898041744,-2.1886900980114756,-2.1914470010095624,-2.1935175761611347,-2.195660337868043,-2.1984080121530347,-2.201103814985932,-2.203280815048464,-2.2053901591883345,-2.207523133259647,-2.210210225267087,-2.2128806778059187,-2.214922318653146
-1.8476287472473378,-1.8511306423529248,-1.8491113233580065,-1.8464376037203718,-2.1899240877947364,-2.1928379343114925,-2.195532274225729,-2.1975131572881876,-2.1994661448816073,-2.2020996568879854,-2.2048252368815344,-2.207407612630107,-2.2092988376599036,-2.211300160503093,-2.2130644630242893
-1.8437921387164389,-1.8511065537851306,-1.848815579155836,-1.8456531765209194,-1.8435264329769399,-2.190605700977561,-2.1936126724154907,-2.196517303171695,-2.1993380223511942,-2.2013734193638945,-2.203202024978964,-2.204939117850306,-2.2076749891900613,-2.210170712276671,-2.2126211412703944
-1.843593792900919,-1.8400755912863032,-1.847288235396912,-1.8455941340630833,-1.84247503457416,-1.8403337792881977,-2.1906023750169505,-2.1936504336183393,-2.1965779515670794,-2.199413300348426,-2.202188703601567,-2.2049062907609054,-2.206481556478264,-2.207848749747273,-2.2095011168873464
-1.8404316024930982,-1.839783974743519,-1.8470073374210396,-1.8452867032622353,-1.8416991582221411,-1.8386492110337755,-1.8364285758706025,-2.189701718341108,-2.1927209647941717,-2.1956123600659385,-2.198419315747247,-2.2011874882184217,-2.203951127891118,-2.206693927750322,-2.2091036274215985
-1.839984211578181,-1.8384906437570796,-1.8466151508576483,-1.8432491691120545,-1.841339689256622,-1.8365236890339343,-1.8339427234056547,-1.8318569246428518,-2.1876471316491126,-2.190584747517129,-2.1934101706600266,-2.19618119585301,-2.1989489295922904,-2.20172828330019,-2.204582500819585
-1.8345371168770315,-1.8381131218538054,-1.8294057709448472,-1.8428480478512281,-1.8406866227577348,-1.8354608337695824,-1.8308139023734207,-1.828519622026347,-1.8268085339248616,-2.184206731680145,-2.1870512821405774,-2.1898236046476436,-2.1925751445602724,-2.195381023799262,-2.1982693381692013
-1.8338903762857512,-1.8276448910180216,-1.8293533284520511,-1.8426460730965029,-1.8375607940654106,-1.833958908816892,-1.8269388393850405,-1.8243956334782125,-1.8226070974749309,-1.821504830908377,-2.17922600802648,-2.1820136733399567,-2.1847766915976914,-2.18759585504167,-2.190514663747161
-1.8299230053948077,-1.8275607896730623,-1.829264693784367,-1.8411218704576147,-1.8360960472702696,-1.8329281273921227,-1.826907996514383,-1.8193783534370274,-1.8174976961098686,-1.8164693812157646,-1.8163009785824742,-2.1726494862393992,-2.175452471641043,-2.178307554350495,-2.1812749534400138
-1.8289978139507375,-1.8271839986290361,-1.8275241837708578,-1.8182953778871866,-1.8359170629181023,-1.8279121934690994,-1.8226640319553933,-1.8165695415058793,-1.8113802632021303,-1.810455355910843,-1.8105496426595304,-1.8120057840167572,-2.1645295333444756,-2.1674619632433307,-2.1705159050023295
-1.8205563629705834,-1.827141406723002,-1.8272709297679992,-1.814076242031593,-1.8327043525333313,-1.8262223383429854,-1.8226042517743648,-1.8134074623992857,-1.8048836581492678,-1.8033791946810906,-1.8038228796538898,-1.8040730149891315,-1.8057786252536954,-2.155017932206767,-2.158217364973471
-1.8187870395393764,-1.816405628629728,-1.8249104045365419,-1.8116647240441293,-1.8279578357825508,-1.8238983144679584,-1.8132572552332,-1.8104776587359956,-1.8042653942371099,-1.7952666583144554,-1.7962164255840793,-1.7961680917619731,-1.798335726415864,-1.801261378771473,-2.144317676429414
-1.8145330043814711,-1.815242866531143,-1.8060925164239439,-1.8082222812320294,-1.797989572136532,-1.8208451748391095,-1.8130871178173247,-1.808144437273427,-1.7977184868926006,-1.792486554254949,-1.7884108008147719,-1.7871610911499254,-1.7898041839499863,-1.793326147800148,-1.79807766944817
-1.8135468953994673,-1.8098909639806486,-1.7993279952675754,-1.8044648377340549,-1.7896888877028223,-1.8137703746070228,-1.8064579983949405,-1.7965114913716163,-1.7960510582151736,-1.7864191780366057,-1.7848806407140603,-1.7770862080744425,-1.7802511743403253,-1.7844928030201668,-1.7895853749579373
-1.8027116491289386,-1.8080761511273415,-1.797655255320144,-1.7997773472198648,-1.7804127234374554,-1.8050874136533344,-1.8060530490111475,-1.793503703353074,-1.7919149427943895,-1.7836646258219417,-1.7693357904593676,-1.7661487324917466,-1.7696327714127127,-1.7751085343799966,-1.781650839110941
-1.798724243587212,-1.78482516321576,-1.7889415126898063,-1.7959907682597342,-1.7797561550852876,-1.7704335846684016,-1.79678467983125,-1.7888792905034436,-1.7761021633448495,-1.7785728063358546,-1.7653310353597307,-1.7652541622513696,-1.7587655502170316,-1.7665136426234307,-1.773072955457916
-1.7836305854892418,-1.782448822123376,-1.7867625667552467,-1.785406476153525,-1.7717869158303172,-1.7587567813302125,-1.7857327909684388,-1.7839890682138764,-1.7700403114763184,-1.7755822676310968,-1.7648914587074085,-1.7562967969022372,-1.7583716647839613,-1.7552192242553786,-1.7641270456346112
-1.7782916182440351,-1.7715914009406404,-1.7771522675106957,-1.7563070040094255,-1.7630722467210247,-1.7453656397184338,-1.773288161070042,-1.777739025406299,-1.76961931198077,-1.7577986079476704,-1.757208481424126,-1.7548684816431956,-1.7492645205223774,-1.745417326177828,-1.755194673478794
-1.7612457483325632,-1.7689862993045826,-1.7479492690422818,-1.7419037536694957,-1.7536898568612418,-1.7404189032448913,-1.7374435443402987,-1.7646196701715262,-1.758167601775097,-1.7449273539641776,-1.7563665580178327,-1.7461068908038724,-1.7489717673292453,-1.7428411170920763,-1.746765733369514
-1.754609446383776,-1.738811953968833,-1.7366667290905005,-1.7375085117376938,-1.7520847673379256,-1.7313021735333867,-1.7232547525445137,-1.7500128317480794,-1.7576894036030117,-1.7388902156169925,-1.7256211150884084,-1.7447213879270136,-1.7291945923351923,-1.7372254528044084,-1.7417267868759896
-1.7361090646235864,-1.736206776442667,-1.7326971338160924,-1.728325923766272,-1.738621440304305,-1.7276213502989204,-1.7070114396018004,-1.735265562999111,-1.7431808274737222,-1.7333703925064872,-1.724999832224697,-1.7385304559837005,-1.7286934568283676,-1.7317070315273468,-1.7395644965833128
-1.728177714843046,-1.7201109050977563,-1.7169964473322914,-1.7153722778928864,-1.7222224309961482,-1.7066517047674403,-1.6954151021621533,-1.7005059455341254,-1.7275573816111054,-1.7271788705670603,-1.7149793139286318,-1.714073406191586,-1.7256558399968505,-1.7271295959712938,-1.7363081936888332
-1.7085917268795803,-1.7174546761411544,-1.7121904727330552,-1.70444822362658,-1.6907812614081192,-1.7017182973154923,-1.6898336347971583,-1.6857626342032956,-1.7067394638730857,-1.7183396854425816,-1.714028452954015,-1.6980078257915034,-1.7219904358904619,-1.7232140348844764,-1.7338807332904624
-1.699382512940265,-1.6826721234613184,-1.6991167533739255,-1.69991929514909,-1.6724105826228144,-1.689917237121057,-1.6787722290183125,-1.6689007454890439,-1.6919021649076156,-1.7010851937229718,-1.7043612688720657,-1.6923516997024721,-1.6909920459507872,-1.7196990372275769,-1.7301619192773192
-1.6790459647416203,-1.6803952942505294,-1.6652942532552129,-1.6806563025997487,-1.6597717060581159,-1.6843126649398013,-1.674536182999425,-1.6542214533888695,-1.6553009715605882,-1.6829830583682028,-1.6977123726639947,-1.6847233232162242,-1.6895276723562267,-1.7181232018075419,-1.725468276840285
-1.6685961946071064,-1.6592236607878097,-1.652516337253401,-1.6483656495669696,-1.6524681356645385,-1.6640681184007082,-1.6451509519613754,-1.6541024674734315,-1.641708279759496,-1.6659810520600655,-1.6778595317078562,-1.6824884612938202,-1.6847455997129326,-1.690569703643712,-1.719606766803173
-1.647833418190742,-1.6571193107609126,-1.645153552988705,-1.6270902250388026,-1.6429668946439737,-1.6454867675020897,-1.6413962550925618,-1.6179625333830383,-1.6227002537148938,-1.6554908304887255,-1.664137629573576,-1.6690082922068497,-1.68426089574464,-1.6903836681239042,-1.712333519181811
-1.6362005744791772,-1.6193006478691838,-1.6253335790863646,-1.6255407501503265,-1.6200858502900715,-1.614903245915155,-1.6287698630021445,-1.6175539891271444,-1.6041484016812764,-1.6155161161149791,-1.648789559750178,-1.6685340816174061,-1.6781553323496288,-1.6900699799460197,-1.7031436298803164
-1.6153388167203422,-1.6179622272584067,-1.6166894371613731,-1.6098258900728355,-1.6076046317650567,-1.596721343615281,-1.624863628640534,-1.6124251484719936,-1.6016413597353358,-1.605459345999133,-1.6355674480040558,-1.654552885310771,-1.671572491726121,-1.6884570119236444,-1.5644547605633268
-1.6026006233406749,-1.5921449724840706,-1.603257388034838,-1.5908220787854246,-1.599037705575936,-1.5768021710168676,-1.609507477357138,-1.5773500675405772,-1.5876037269530552,-1.5927032986596226,-1.6283226043770345,-1.6422785092859526,-1.6616607213858878,-1.6823148265208165,-1.553725634637857
-1.5819830558945058,-1.5912548412139322,-1.5683748355893468,-1.5731719657771963,-1.585207633916103,-1.5754275704574963,-1.5726575983110291,-1.5703821325415561,-1.5860229161919066,-1.5783220306806776,-1.5934185004851964,-1.6325854425750728,-1.651757975598686,-1.5314493179836839,-1.5422159026238276
-1.568238662511913,-1.5521506216228802,-1.557021018205413,-1.5727042191691047,-1.5636222885442965,-1.5604700070652733,-1.5578146630684557,-1.5641978757052157,-1.5648001035419092,-1.5661295406820548,-1.5844834263523613,-1.622212647072823,-1.6440205087206887,-1.5208444004473083,-1.5303710201426377
-1.54824064422517,-1.5517840572112875,-1.5448405369760243,-1.5490914951534678,-1.535119405871571,-1.555349955398228,-1.5242819242775387,-1.5548669012612668,-1.5621007689903883,-1.5635398968943233,-1.575073263375218,-1.6080745925436177,-1.4977913793404745,-1.509302412990308,-1.517970803390177
-1.5336122496910314,-1.5237673591545433,-1.5264236780700327,-1.522125889082435,-1.5155941959960604,-1.5356846958955432,-1.5117342227046382,-1.5429407042364258,-1.530043329932968,-1.5580818160512555,-1.5674693288296757,-1.5913179916966718,-1.4842442562617595,-1.4976901165741954,-1.505257341626152
-1.5146666874303623,-1.5220668919023888,-1.5112355055275508,-1.4939980190515374,-1.5080078962953243,-1.4901079618597601,-1.4941509238559239,-1.5223958814894594,-1.528697863957966,-1.5526518696051748,-1.5634933282257832,-1.4444027024687078,-1.4709989435648243,-1.4867717533145102,-1.492790802097366
-1.4992946999700687,-1.4868055501039252,-1.500681635767079,-1.4908523085599328,-1.497059255399611,-1.4777652139395108,-1.4891314831946,-1.5101964609860787,-1.5213557484489444,-1.545183408474843,-1.5626865117270148,-1.4282576877420683,-1.458740812675567,-1.4705661450835883,-1.481144590983784
-1.4819404260673061,-1.4839793058688002,-1.4693720210938184,-1.476586485731147,-1.4906087669854977,-1.4716092328883137,-1.480569847247456,-1.504064787404352,-1.5170452200384132,-1.53569691404094,-1.4092239592775138,-1.425581289363314,-1.4353771238483997,-1.4597357621077016,-1.4708749525476608
-1.4659599965238934,-1.461080582263689,-1.461632375549283,-1.4596466760309403,-1.4760320615722582,-1.4553191800001941,-1.4634802621576504,-1.4718079302761293,-1.5127428744271088,-1.5235794916204315,-1.4056488452147011,-1.4181746862047908,-1.4307436208243038,-1.4501709776024934,-1.4633394495451588
-1.4509257679102618,-1.4509990544243052,-1.4490479550268793,-1.4440279928881692,-1.4133815133803613,-1.4436013782733488,-1.4576235855798574,-1.465696221453448,-1.498825773853303,-1.3899079488483068,-1.4047979338246293,-1.4162196695489422,-1.429037743135878,-1.4423874843485955,-1.4608265265996747
-1.4346649718859152,-1.4266049881688538,-1.4395382463405462,-1.4399860471198538,-1.4037055221048638,-1.415852000699964,-1.4344210459445572,-1.4551853909810486,-1.4925869814881385,-1.381338819441503,-1.402432549149161,-1.4127373937457341,-1.428104150649324,-1.4314372716781605,-1.455609330913306
-1.4223976577390776,-1.4217456816714098,-1.39666857369538,-1.428001713507864,-1.3947319117525583,-1.4038018601521491,-1.432839141242089,-1.4514641939305515,-1.3550667561717993,-1.372751312498007,-1.399115789754923,-1.4090815513328132,-1.4261815758329268,-1.4281750067823613,-1.4500398080342596
-1.4082923946451884,-1.4101625395824267,-1.3908448715558486,-1.4147738362199023,-1.3842219486365952,-1.3975363927605664,-1.426061931500324,-1.4508053416779392,-1.3473442411323655,-1.3644029818982761,-1.3809450542690136,-1.4086318798976514,-1.4083577383460002,-1.427561714549089,-1.4465820571478354
-1.393563692563187,-1.3741863421091693,-1.3737981506485932,-1.3317348326319132,-1.3659314517363568,-1.38962065795584,-1.418290154104615,-1.3177312992409091,-1.333390982138728,-1.3565282750862198,-1.373014437084141,-1.4018882725682458,-1.4044977553722187,-1.4267233774929893,-1.4414923377921898
-1.3851160799361244,-1.3650320133997835,-1.3668268776884949,-1.327694427982494,-1.347670990187262,-1.3843976648183374,-1.4130494295208964,-1.3168567975803525,-1.3329810996946658,-1.3496189073748817,-1.3678712221943554,-1.3920667632275572,-1.4017097666533207,-1.4254873798028849,-0.8284603449811391
-1.359262260768843,-1.3598208215416365,-1.3618932331064593,-1.322456732685262,-1.3439129353796282,-1.3759906214167446,-1.292360641818802,-1.3158166598274252,-1.330893755646114,-1.3444898375153465,-1.36273504331497,-1.379457773682181,-1.3997595022374805,-0.7486231841870815,-0.7959688008792956
-1.3559742712995992,-1.3559139616563463,-1.3562205766535103,-1.315952196759163,-1.336022232999546,-1.3661421119838235,-1.2892461898610812,-1.3066224054656133,-1.3271118615321504,-1.3414570484957578,-1.357541634765598,-1.3644461033867814,-0.7368000557571404,-0.7425905147091466,-0.7655931811792589
-1.3179092870719447,-1.2822345157002355,-1.2690892014758013,-1.2874920834259895,-1.3307171885109095,-1.266206738291567,-1.282996129212998,-1.302396330638739,-1.3240642172490733,-1.3402890151188962,-1.3522150441247618,-0.7353385206007641,-0.7274996262472199,-0.7361034393595535,-0.7371786926029481
-1.3167733191713524,-1.280182476012423,-1.267586660839393,-1.2798762962072212,-1.3222891377261807,-1.263072642556979,-1.2812747545006096,-1.2994743053037126,-1.3141940212972154,-1.334646172748455,-0.6549743617323592,-0.702446104078821,-0.7168956073270656,-0.7315268998702079,-0.7109568231040648
-1.2676025776731137,-1.2684290841472776,-1.2658821796393978,-1.277101005027346,-1.244398054517619,-1.2603502581060824,-1.2803220910713424,-1.2958883468621256,-1.3117073950977398,-0.6443085741563965,-0.6527034874811137,-0.6700749523002341,-0.7063791452057883,-0.727805013942131,-0.6892076458007956
-1.266100638292871,-1.2676415333164515,-1.2083168243127744,-1.2694206708338145,-1.242147005240552,-1.2590825236513408,-1.2742688512454423,-1.2930415756706832,-0.6127920474167646,-0.6235700358558007,-0.6500933403763617,-0.6422773463549939,-0.638029858401512,-0.6664755630743209,-0.6748572773657872
-1.2597065003810515,-1.24625270117927,-1.2066070408944347,-1.2258726421409933,-1.2406430784062679,-1.2571620203574139,-1.2729129892577253,-0.5790526480597564,-0.6062432260409907,-0.6044493564398127,-0.6455584270074265,-0.6233431654816798,-0.6345549974452572,-0.6558011680600005,-0.6557488993837399
-1.2005867060334623,-1.243698577668674,-1.2050234957229546,-1.2228812138948009,-1.2383895147402912,-1.2542478216474637,-0.563032987280704,-0.576910531319903,-0.5744667048663024,-0.5873716843263066,-0.6368787181718184,-0.6036848391825075,-0.6279061102429354,-0.6438410142325313,-0.6357062047202644
-1.2005708753548803,-1.114818491262448,-1.194852289527318,-1.2221327497287477,-1.2362832147516913,-0.5500158638239744,-0.559240823722933,-0.5754608682866071,-0.5730748026695413,-0.5733712522196482,-0.6078918728173738,-0.5841270276125797,-0.6194345142575008,-0.636244441141625,-0.6182140686794734
-1.1126377100199552,-1.114714445306179,-1.192543898158874,-1.2181984520113955,-0.5427097204355604,-0.5425601918362755,-0.5438722987067992,-0.552769428016623,-0.5541902927350216,-0.5637939368513799,-0.5531725875806897,-0.574186050057355,-0.5980719280657051,-0.5629228819730863,-0.6064766358069033
-1.1126348669002382,-1.114358627222089,-1.1904033333981126,-0.5442525202412605,-0.5384522214121347,-0.5367624486415795,-0.5406589462227142,-0.5514780495271617,-0.5484382966603867,-0.5515676236825974,-0.530126705576208,-0.5559314898988836,-0.526409243344973,-0.5334918530242282,-0.5940835991362747
-0.9822465726546616,-1.1141559129900769,-0.5529426740824631,-0.5422992000464867,-0.5357319967867304,-0.5308801107431927,-0.5332276758681566,-0.5205653289373577,-0.5384392127219249,-0.539796833518908,-0.5155064299282782,-0.5470366216732105,-0.5080905260951971,-0.5163665516454757,-0.5678366987212679
-0.9822423758502239,-0.5668678710113316,-0.5526699489027173,-0.5413970098305084,-0.5327409487311441,-0.5294483432434057,-0.5146351957184061,-0.5110283007056575,-0.5037417197933413,-0.5321511289603743,-0.5054163240021978,-0.5327035263166139,-0.5013247470808707,-0.5068314511012222,-0.5626082159041473
-0.5827865443903983,-0.5668650776275336,-0.5523131856562183,-0.5391991267796,-0.5284176063885833,-0.5181743432443076,-0.5114008636762833,-0.5031276136029368,-0.4975193678431883,-0.49804244278723764,-0.49374507351184255,-0.4983829018668821,-0.4888862430385963,-0.49360898642960377,-0.508297133429558
-0.582729286059706,-0.566633657377614,-0.5515862378093114,-0.5362514510776465,-0.5222137566267355,-0.5085554687223083,-0.49043138353722837,-0.4698259099013573,-0.4651269572097431,-0.4624696598681289,-0.42455042629192163,-0.40703695820280034,-0.41464024077019507,-0.4167689400662115,-0.43225605752857593
-0.14975744801702703,-0.5666239949609873,-0.5510784759839347,-0.5344184971039182,-0.5170230721606587,-0.49745181916657255,-0.48883775402178514,-0.4617688283945496,-0.45766019582697365,-0.4150181342628501,-0.4023991420659789,-0.3645923867504432,-0.4033891960587612,-0.3971728684138277,-0.3281543607802338
-0.14975660809929242,0.04328536521987614,-0.5507981215498573,-0.5333611563654631,-0.5124040085372586,-0.49086840253322656,-0.46463509067739844,-0.45241030001930455,-0.4184807375297632,-0.40407566714601584,-0.3957328576954246,-0.3507533069271609,-0.38878365545956384,-0.3900418902195369,-0.3123179638254979
0.0454440414927883,0.043499669327888305,0.18067195253447083,-0.5318471824492833,-0.5094625326948647,-0.48476655517063255,-0.4586684081324035,-0.42986912554042805,-0.4080370638132006,-0.390181687225048,-0.3809866536350466,-0.34454376158821104,-0.3741776100021865,-0.37142676985826023,-0.286731597864593
0.04544476531123944,0.0437509660417564,0.18265201537678888,0.27345522911858916,-0.5052315456013632,-0.47830870045058266,-0.45384707386589723,-0.4281440266018971,-0.3991263995306275,-0.3684178479229785,-0.36899812508786856,-0.325360060973564,-0.2940838745202675,-0.3450986449765812,-0.2601126819197508
0.19366578597154976,0.0440241163906499,0.18692164292363628,0.2818995602347594,0.3408934752512149,-0.4706919441227229,-0.4362924177356087,-0.397325826244669,-0.3766151235755719,-0.35410696616106585,-0.32880136577829133,-0.31213554477826105,-0.2649526046735686,-0.2203065415992368,-0.24268946259796553
0.1936752643992629,0.3086729042369052,0.18815982762270334,0.2870080835760252,0.35323448311615924,0.3940693507135302,-0.4303799853319055,-0.3964815835511377,-0.37325576978409203,-0.33361665125916673,-0.269167465948633,-0.2871798637446612,-0.2476675964037725,-0.20637942438535492,-0.2055567949765298
0.3146349663623015,0.3106988498508149,0.19390801916296294,0.29879054565573715,0.36164515793411384,0.4099779237963924,0.453610495922438,-0.39393768756006947,-0.33839734229306706,-0.31226434485424054,-0.25798414777809503,-0.2669272834901688,-0.24428877337065236,-0.20405521141753516,-0.18823843251633146
0.3147303612911457,0.31285437113894876,0.19600104309188615,0.3070345299505498,0.37411746093114556,0.42560047402568596,0.45672512832555456,0.5008356209208265,-0.32851913994005216,-0.28866030008275634,-0.25138211900231294,-0.23980242889315184,-0.2347855361699372,-0.17568688116303224,-0.15568072278455097
0.41542067582153375,0.3155494447646598,0.4642518659334545,0.3227499573144577,0.38420175469711354,0.4328726789138877,0.47840659338149694,0.5073211967482124,0.5499685637335442,-0.2621860149373972,-0.24877305268628616,-0.20691139131288078,-0.1261052299249203,-0.08336714005664576,-0.1226262544578592
0.4161091446059034,0.482907368729509,0.4717245908706863,0.3283109318800232,0.4031481158666241,0.45156391322312595,0.4823447128637601,0.5081971454522856,0.5582901650861947,0.575885637821072,-0.24456764281423396,-0.178595095974228,-0.1186856275091331,-0.061244985976957086,-0.08630496930181147
0.4982127361725937,0.4919103513304533,0.4894788399916329,0.3380681378438296,0.4330355443522389,0.464663406378105,0.4946403602995033,0.5337819109787191,0.5871117257275571,0.6090710654000653,0.6512786669352114,-0.145707054569956,-0.1015103037908862,-0.05266938254753277,-0.04711194436196544
0.5017789310761185,0.5005025091711556,0.4936504175220206,0.5676694648015427,0.45595640988315933,0.4882505508911657,0.5486173779259192,0.5406143297755844,0.5976919415248614,0.6380410693003534,0.6574052237475445,0.6634288167950187,-0.08398296890692669,-0.04715088743642794,-0.0037403545689812636
0.5626371828457953,0.5157922233465555,0.5266653829096938,0.5914375770797468,0.4648613404792125,0.5383193569802969,0.5659928588317155,0.6160084425092974,0.6104052000859702,0.6622695348581317,0.6602075076555706,0.7066786743773104,0.7719784330623838,-0.042388659370905295,0.04560636760079114
0.5747352054752276,0.6010182272910507,0.5350299555777208,0.608948320385041,0.48827584964467663,0.5695132060406082,0.590525412824822,0.627351605100347,0.6257967729566052,0.6856277051741766,0.6790908680939636,0.7485968321801425,0.7921242274405279,0.8176311648999566,0.10335984045150257
0.6150048286164093,0.6251713158181733,0.6447875373618428,0.6302262689026005,0.671772193590769,0.5846820533801732,0.6167971255984248,0.6663810027045441,0.6349689023867864,0.6950740184153034,0.6902766377410442,0.7869425341160603,0.798536433170405,0.8200559043544372,0.809145215852812
0.6395604147602751,0.6390014410075111,0.6675273120405878,0.6521266004046333,0.7102297767338895,0.6090556485105367,0.6415249978938895,0.6951430775419961,0.7515240678348345,0.7288301776375815,0.7071551769841086,0.8175323209091729,0.8083013278100302,0.8223513710414668,0.8744782768451144
0.6727925275089025,0.6861825865618283,0.7001378814381495,0.7060838804006775,0.7272261885952445,0.640862753310868,0.6771538581798343,0.7205028071646872,0.761705373715587,0.7304880791029656,0.8518169237919737,0.8400632336645902,0.8460894872741339,0.8240419309580553,0.9265310336787033
0.7070239139680423,0.7153631504859232,0.7094932434325,0.7289555381192916,0.7623669605901361,0.7809238847887648,0.6979019530464704,0.7513197369968201,0.7970728865921366,0.7744372560417578,0.8693591816642817,0.8572265265286728,0.859656009364319,0.826137461881716,0.9695511596817824
0.7444418088350672,0.7690019510402426,0.7888771923401038,0.7476800925206176,0.7657724375038277,0.8443745659085121,0.804484795653462,0.7789588112774438,0.8198775319462058,0.7996595894375055,0.8876594750565474,0.9042627560735823,0.8707940674461501,1.0422149245458034,1.0055382317461723
0.7840185992092158,0.7780993965102605,0.8023093541494315,0.812133031342738,0.8047364762066213,0.8744348256127861,0.8238242806242126,0.7876613463288977,0.8525359609695763,0.8108748930396148,0.9390304359369666,0.9063354590209969,0.8826270306987477,1.0565469244201564,1.035853885412254
0.8280897254092422,0.8608799681590725,0.8417878524255626,0.8959063532015923,0.9100524189667104,0.8964103061868237,0.9625359136605691,0.952077342236274,0.8770202772707693,1.0211676355727954,0.970696453167363,0.9511087471851862,0.8893761361759553,1.0593561388297288,1.059291629974351
0.8711406883213315,0.8676727511045111,0.91457286384963,0.9338888261452757,0.9537206000714556,0.9178427263322002,0.9710508004361164,0.956096926200599,0.9067996609482976,1.0273791950449296,1.0089262401914143,0.9566654747650353,1.1641293207305392,1.0843525731679637,1.080002997435868
0.9216931947465662,0.9497861863011782,0.939724939173464,0.9454326938913213,0.9654851871488282,0.947531293485486,1.0063225995507232,0.9663898465772212,0.9647273926169524,1.0642898057421615,1.0573317952340908,0.9785848890448969,1.1792303305187213,1.0979415401619737,1.1002219750039934
0.9676297329149467,0.9517173159079143,0.957994269030633,0.97196260946605,0.99704268548458,0.9772675859306862,1.0108705800583382,1.0879117301898695,0.9734892855012434,1.1230355495130813,1.0651083859352353,1.0078644404265522,1.1911317480954973,1.1671435212873387,1.1260476004713464
1.0241367107511827,1.062532477083337,1.0814293962324872,1.0954285477958488,1.0281715519133499,1.1503847257477338,1.029916137841226,1.0974862526586533,1.203817845247625,1.151270762482431,1.0986680443302088,1.3100303334222694,1.20868194889789,1.1764141517683142,1.1528577187146887
1.0727848775684774,1.0632058598161511,1.1032122919277785,1.1233671438398631,1.1820617434931258,1.1833608986837887,1.2389534368432593,1.1223564784902522,1.2215793231514467,1.1771920826010054,1.1044995867282572,1.3293177426564187,1.2548864343393094,1.2065796122574977,1.207745666998558
1.1348447617719633,1.1625374233078924,1.1204606029205748,1.1244743719325088,1.196877429994194,1.2284426785529683,1.2537933574323055,1.1626519319647384,1.3083494487775893,1.2001818782656413,1.1218791181206114,1.3452334580673861,1.2708658402006265,1.2301798570139986,1.2564330717154257
1.1861495288309736,1.164530555228805,1.243385567274697,1.1663251454427097,1.2171269155311955,1.2330337337093478,1.2692547810825092,1.177119911323089,1.3547748937718416,1.2294672948458714,1.478465776910976,1.3644367552814984,1.3112251051802086,1.2885795597259102,1.273559491851576
1.2535087823880666,1.293499458372556,1.2562093699594719,1.3415165688750632,1.240980043454129,1.262003365946714,1.295508697836923,1.4586371832900358,1.3747216782023683,1.2685499478393503,1.4874553638065053,1.387484914242377,1.3172033501575415,1.338568013067524,1.2910540904543037
1.307456481482523,1.2966346605282486,1.2806016110721543,1.3814179973685463,1.2763764574864491,1.2810489367828266,1.317333414434923,1.481088853423302,1.4041907814781123,1.3211266487206677,1.4989631618063086,1.418396792217544,1.3707233578606,1.3777009464398247,1.3111412217001661
1.379968674456264,1.4065599676978133,1.4455150103769756,1.3870548314987965,1.5017818095381126,1.5298110505138196,1.3642735999467617,1.5261649446338268,1.415622024410345,1.6468651085901689,1.5118261042474817,1.4431574874257624,1.4363224106357786,1.3890485618625557,1.804600339546519
1.4365652890119571,1.4106928096690092,1.4717654732384944,1.407242369556441,1.5381020601533508,1.5367547949700422,1.3877354761554384,1.5746612771177506,1.4367859900024302,1.6721215892956212,1.5184470049114835,1.4759047600214097,1.4781352142376432,1.396666073939815,1.8280775931171556
1.51416080294231,1.5564779127650779,1.4813074766491596,1.5996266263402048,1.5686717233628151,1.5581760640009938,1.7063448160246193,1.5802357057685585,1.4411586244005532,1.6922139446054145,1.6015482281657984,1.5275268124217123,1.5025523299549681,1.9276885210586048,1.8555768556341004
1.5734222635652755,1.561368712025795,1.640108279407775,1.6151467063118994,1.5772678804866156,1.5701329998009463,1.7365006746629525,1.6143584896886172,1.8462650348072072,1.6999974896890866,1.6199833677605382,1.5677592166980021,1.5035565715984804,1.9476820070538068,1.9052434201927033
1.6560904364985722,1.6818421656017692,1.6474671991549912,1.6255265041923885,1.5915909415118454,1.6123145021474439,1.7804655282815833,1.6174086436168134,1.8551959436517147,1.724575601002492,1.663583227868376,1.608545335103755,2.052661812273126,1.9865518237531345,1.9644823880994378
1.7180358598817758,1.6873692179759425,1.6748914917244593,1.663007758795674,1.8542767916654264,1.6422590521608844,1.8167085893317139,1.6295559113369187,1.8617941684147283,1.7400351026434318,1.7058223334952594,1.6575563206798154,2.0798793101462247,2.0381208243607847,2.025483799335941
1.805814805579236,1.8510093077250138,1.8811086702063473,1.9129127995646016,1.869725417947316,1.9811042314881784,1.8206046125513027,2.04302400713509,1.8870671330291915,1.787223732292385,1.736392407238564,2.1858738465467193,2.122020060358304,2.0949744828551897,2.08269495317718
1.8704604386623669,1.8570343505238502,1.909583841110533,1.9511209176225237,1.8711601310806572,2.0164749261915196,1.8428218362936974,2.046546717900296,1.8895139237504266,1.831069262748717,1.7491589141916777,2.2232306716799717,2.1725295762081775,2.1506012450649203,2.10790844580176
1.9634317795605363,1.9881237001878542,1.9152106462641065,1.963430311328673,1.9059497556003184,2.05678376661984,1.8444171286663074,2.0598966162109966,1.9311640813707112,1.864751002725214,2.3281345593361533,2.266803837128348,2.233637217424953,2.1989989897167814,2.1312946394405814
2.030784535989624,1.9945185283218427,2.1044858375260715,1.9755628173016146,1.9408163182082654,2.0748039856531477,2.2511703483910788,2.069649986456779,1.9735820681571625,1.8832411296015632,2.364143646212682,2.316275258340525,2.2843289369333903,2.2099346802054933,2.1494992347901163
2.1290718713587924,2.1775538542867623,2.1087081141771717,2.222415309661114,2.2834580824739117,2.0865290783411132,2.253953760883346,2.0946423914448937,2.0101114343037496,2.472083584636281,2.408697771588177,2.365974195232566,2.3277668975859247,2.22721768567811,2.1651187487923607
2.1991214053025256,2.1842275347211184,2.1371673771432746,2.23194979995217,2.3216627987629863,2.093691283247545,2.2683313594221226,2.133846570952197,2.0340284022248287,2.5108636608207133,2.4561589456691397,2.4110890451601996,2.3282987734000407,2.2797035686006555,2.181641709658784
2.3028923097604825,2.325819414190309,2.3896022880508863,2.245691632179564,2.355878563567626,2.471837684112623,2.2765759342262015,2.1708789122562533,2.6219274014080898,2.555219847703978,2.501310020123343,2.434682052470682,2.3579230209479802,2.2903803649747685,2.2028962701432966
2.3756002004621832,2.3326284897864147,2.4183017876280943,2.281912531228872,2.357255951533805,2.4800000071434027,2.3109732088049815,2.1992465639429897,2.6624073908786308,2.5998287863531027,2.5394820873014767,2.447727552063587,2.3642879840458697,2.2924794391314887,2.227399729852438
2.4850723858981074,2.5371704137836653,2.4214155246163327,2.615040172433437,2.3702943649258095,2.48516496175073,2.3479118784675226,2.777871980693335,2.7057714592896174,2.6399538265058182,2.5513263782427646,2.464397609348145,2.381567746287783,2.3011800421804347,2.255056817804711
2.5603560917823946,2.5440518621491335,2.637575016060465,2.6518155485939605,2.7092112935720554,2.506412958682525,2.3798148217172437,2.8190304754828293,2.746797937533681,2.66958759764749,2.5689928005402254,2.4726438615825903,2.383524053509827,2.3033179399754107,3.075293473033087
2.6758094815394613,2.695511865889839,2.6397354598613108,2.6656277304981937,2.718843899091025,2.5413578409644098,2.9399447658155995,2.8603876285075542,2.7810408882690956,2.6716047532893503,2.5749656616975134,2.4804297466765006,2.3897325485251186,3.138235695434714,3.0842262118849524
2.7535167362628554,2.702291602571736,2.66702828437692,2.6731292288596813,2.7225090007213124,2.5754914310473893,2.9807128841915596,2.8968267128082728,2.793746917149645,2.690006856803558,2.585027405050882,2.4864569164863357,3.1953073297855807,3.1403933962951966,3.0910188518954866
2.875315198443745,2.9312842534404067,2.975245905711304,2.9642170967156347,2.7521355939379695,3.108092095941089,3.0188813244621406,2.9231471486899334,2.804760143609722,2.691557389816685,2.586965398195037,3.2524418725464774,3.1955154556357273,3.1431564678204515,3.0980021435799765
2.9551800426135144,2.937918943015423,3.0016459156295765,2.9698052721908565,2.786628694764998,3.147162204872849,3.049224108083112,2.923986973201284,2.81133569910489,2.6989676827496947,3.3122560287471847,3.254500739277496,3.2019390703304427,3.148679560720448,3.0999366719994543
3.083810766665896,3.0972975005992005,3.003086181408496,2.9827530728820713,3.28196864536423,3.180440123776039,3.058348598074283,2.937985912847919,2.815259267856902,3.3741921085690354,3.3156304383659783,3.25805381902771,3.2022614274648795,3.1540015831611026,3.1134652512525385
3.1653713827200676,3.103552217714421,3.2383137493501493,3.0145901384013176,3.317616149798593,3.1996446649138193,3.067403720508216,2.938323357113888,3.438771697738113,3.376688718022583,3.3160971859979242,3.263016645008466,3.2147286036285085,3.1634480806011376,3.1138332504802557
3.3015200825277233,3.3615118789272684,3.2391700738316764,3.460945555757938,3.3435947651890316,3.202488373429655,3.0705821664439603,3.5055430689938465,3.439767278218647,3.3793193294234314,3.3259699074178375,3.2692716674755937,3.215598792884758,3.173002725946457,3.134280126338858
3.38394782479955,3.367353099030156,3.262039139502683,3.4907620664890864,3.3474144018664975,3.209314094046457,3.574192550142584,3.5060971551407905,3.445602581186802,3.386039399013811,3.3263147329410243,3.277759928112918,3.233944170756469,3.194252382344503,3.158073186916664
3.5286560043426114,3.528853910697761,3.644016558112895,3.5020218094743134,3.354377538835566,3.6459966407120548,3.5764715327538563,3.513101797625169,3.4482578587870547,3.39128972040806,3.342057111247422,3.2969743929672886,3.255608341091664,3.2177241502712377,3.182895580331538
3.610342889028298,3.5339198970264567,3.6638851122845524,3.505977549363158,3.72135991616739,3.650241677119569,3.5807211909464565,3.5147795237105526,3.459228342784479,3.4085761377494315,3.3619742262477583,3.318809612368507,3.2787498810921663,3.2416517053757934,3.2072239893216103
3.765384625200874,3.8293243033765467,3.6642884574459824,3.800898011985031,3.7253422258632867,3.651350456577647,3.587143302039679,3.5300808056886637,3.477726849617942,3.4292101948749436,3.3839665372441665,3.3416022243013774,3.301950423278784,3.2647500316578477,3.2299642827436505
3.842702505535292,3.8335267374345103,3.8856353366525864,3.8032266768032623,3.727883307445145,3.6630452986522983,3.6041124776395734,3.5497142346352692,3.498983496497329,3.451356279248706,3.4064657674417336,3.3640552205526135,3.3240168357890476,3.286155159092297,3.2504169768021804
4.011687530412846,3.9748055549736407,3.88585885603286,3.8100967349662307,3.7429192337915893,3.6815842526832916,3.6247072919147185,3.5714285568750697,3.521175965552226,3.473559521497172,3.4283182192952197,3.3852680210566044,3.3443279261276273,3.30534806194627,3.268222849613342
4.073696837675043,3.9775204065492766,3.8979718638122525,3.827328650417622,3.762766745046093,3.70281974989256,3.6465813809627785,3.593435401187898,3.542943306336587,3.4947903343435884,3.448757063260501,3.4047273369780138,3.362516041033823,3.3221158052157,3.283532571321063
